school_id,term_code,term_name,subject,course_number,crn,section_number,title,days,start_time,end_time,building,room,instructor,source_url,match,note
gsu,202608,Fall Semester 2026,MUS,7320,87844,002,AC: CHAMBER MUSIC STRINGS,TR,1100,1215,Standard Building,502,"Scibelli, Serena  .",https://registration.gosolar.gsu.edu/StudentRegistrationSsb/ssb/searchResults/searchResults?txt_term=202608&startDatepicker=&endDatepicker=&uniqueSessionId=dg3dea5bc9bc0f&pageOffset=7500&pageMaxSize=500&sortColumn=subjectDescription&sortDirection=asc,,
usf,202601,Spring 2026 (View Only),ACG,6875,11162,901,Financial Reporting & Professional Issues,M,1830,2115,C H Ferguson Hall (Bus) (BSN),2205,"Robinson, D.",https://studentssb9.it.usf.edu/StudentRegistrationSsb/ssb/searchResults/searchResults?txt_term=202601&startDatepicker=&endDatepicker=&uniqueSessionId=dgcf6c7e6958a4&pageOffset=0&pageMaxSize=500&sortColumn=subjectDescription&sortDirection=asc,,
utrgv,202710,Fall 2026,MUEN,2175,43413,01,Piano Accompanying IV,none,,,ROOM,NOT NEEDED,Migeun Chung,https://assist.utrgv.edu/StudentRegistrationSsb/ssb/searchResults/searchResults?txt_term=202710&startDatepicker=&endDatepicker=&uniqueSessionId=dgcab1345e2fc5&pageOffset=4000&pageMaxSize=500&sortColumn=subjectDescription&sortDirection=asc,,
ccsf,202670,Fall 2026,CS,110A,73022,932,Introduction to Programming and Computer Science,none,,,,,Constance Conner,https://ssb1.ccsf.edu:8105/StudentRegistrationSsb/ssb/searchResults/searchResults?txt_term=202670&startDatepicker=&endDatepicker=&uniqueSessionId=dgb5a4d048fa37&pageOffset=500&pageMaxSize=500&sortColumn=subjectDescription&sortDirection=asc,,
gsu,202301,Spring Semester 2023 (View Only),PSYC,2103,11542,002,INTRO TO HUMAN DEVELOPMENT,MW,0930,1045,Langdale Hall,215,"Henry, Meredith A.",https://registration.gosolar.gsu.edu/StudentRegistrationSsb/ssb/searchResults/searchResults?txt_term=202301&startDatepicker=&endDatepicker=&uniqueSessionId=dgaea98b8490a3&pageOffset=8500&pageMaxSize=500&sortColumn=subjectDescription&sortDirection=asc,,
temple,202520,2025 Summer I (View Only),DENT,D265,14413,001,Restorative Dentistry III Lab,none,,,,,Kenneth G. Boberick,https://prd-xereg.temple.edu/StudentRegistrationSsb/ssb/searchResults/searchResults?txt_term=202520&startDatepicker=&endDatepicker=&uniqueSessionId=dgf9e84085e680&pageOffset=1500&pageMaxSize=500&sortColumn=subjectDescription&sortDirection=asc,,
cofc,202010,2019 Fall (View Only),CITA,395,11595,01,CITA Seminar,TR,1410,1525,Harbor Walk East,301,William Bares,https://ssb.cofc.edu/StudentRegistrationSsb/ssb/searchResults/searchResults?txt_term=202010&startDatepicker=&endDatepicker=&uniqueSessionId=dgc7319da77c57&pageOffset=500&pageMaxSize=500&sortColumn=subjectDescription&sortDirection=asc,,
uncc,202480,Fall 2024 (View Only),SOWK,5113,14181,001,Mental Health and Substance Use,none,,,,,Frances Ferrante-Fusilli,https://selfservice.uncc.edu/StudentRegistrationSsb/ssb/searchResults/searchResults?txt_term=202480&startDatepicker=&endDatepicker=&uniqueSessionId=dgd158a399c272&pageOffset=4500&pageMaxSize=500&sortColumn=subjectDescription&sortDirection=asc,,
starkstate,202620,Fall 2025 (View Only),COM,121,35191,045,EFFECTIVE SPEAKING,MW,1030,1145,Main Campus,B113,"Dematteis, Michael M.",https://selfservice-registration.starkstate.edu/StudentRegistrationSsb/ssb/searchResults/searchResults?txt_term=202620&startDatepicker=&endDatepicker=&uniqueSessionId=dgdce1d9b34b19&pageOffset=0&pageMaxSize=500&sortColumn=subjectDescription&sortDirection=asc,,
gmu,202070,Fall 2020 (View Only),PHIL,100,82841,DL2,Introduction to Philosophy,MW,1030,1145,ON,LINE,"Daniels, Jordan",https://ssbstureg.gmu.edu/StudentRegistrationSsb/ssb/searchResults/searchResults?txt_term=202070&startDatepicker=&endDatepicker=&uniqueSessionId=dgee0a5e85bc2a&pageOffset=5000&pageMaxSize=500&sortColumn=subjectDescription&sortDirection=asc,,
gmu,202110,Spring 2021 (View Only),PSYC,231,20628,005,Social Psychology,none,,,ON,LINE,"Young, DaSean",https://ssbstureg.gmu.edu/StudentRegistrationSsb/ssb/searchResults/searchResults?txt_term=202110&startDatepicker=&endDatepicker=&uniqueSessionId=dg9d59838e186a&pageOffset=5000&pageMaxSize=500&sortColumn=subjectDescription&sortDirection=asc,,
okstate,202140,Summer 2021 (View Only),ENGL,6140,42170,0,Studies in Poetry Writing,MTWR,1330,1610,Web/Internet Course,,"Lewis, Lisa",https://studentregistrationssb.okstate.edu/StudentRegistrationSsb/ssb/searchResults/searchResults?txt_term=202140&startDatepicker=&endDatepicker=&uniqueSessionId=dg39ba5c6fdb20&pageOffset=500&pageMaxSize=500&sortColumn=subjectDescription&sortDirection=asc&mepCode=OSU,,
ucr,202310,Winter 2023 (View Only),BPHY,297,52516,07X,DIRECTED RESEARCH,none,,,,,"Xue, Min",https://registrationssb.ucr.edu/StudentRegistrationSsb/ssb/searchResults/searchResults?txt_term=202310&startDatepicker=&endDatepicker=&uniqueSessionId=dgdb61d7648888&pageOffset=1000&pageMaxSize=500&sortColumn=subjectDescription&sortDirection=asc,,
msudenver,201950,Fall 2019 (View Only),SWKM,6650,57506,001,The DSM for Social Work,none,,,Online Course,,"Starr,Eileen",https://ssb.msudenver.edu/StudentRegistrationSsb/ssb/searchResults/searchResults?txt_term=201950&startDatepicker=&endDatepicker=&uniqueSessionId=dg6e93ce611059&pageOffset=2000&pageMaxSize=500&sortColumn=subjectDescription&sortDirection=asc,,
gsu,202201,Spring Semester 2022 (View Only),FREN,1001,14648,030,ELEMENTARY FRENCH I,MW,1300,1415,Classroom (D),1210,"Martin, Stephen  .",https://registration.gosolar.gsu.edu/StudentRegistrationSsb/ssb/searchResults/searchResults?txt_term=202201&startDatepicker=&endDatepicker=&uniqueSessionId=dg37d04ffa8a8d&pageOffset=5000&pageMaxSize=500&sortColumn=subjectDescription&sortDirection=asc,,
cofc,201920,2019 Spring (View Only),CSCI,499,23856,02,Generative Woodblock Prints,none,,,,,William Bares,https://ssb.cofc.edu/StudentRegistrationSsb/ssb/searchResults/searchResults?txt_term=201920&startDatepicker=&endDatepicker=&uniqueSessionId=dgb0854aa1fcc1&pageOffset=500&pageMaxSize=500&sortColumn=subjectDescription&sortDirection=asc,,
okstate,202360,Fall 2023 (View Only),MGMT,5303,71461,0,Corporate and Business Strategy,MW,1130,1415,Business Building,060,"Kim, Rosa",https://studentregistrationssb.okstate.edu/StudentRegistrationSsb/ssb/searchResults/searchResults?txt_term=202360&startDatepicker=&endDatepicker=&uniqueSessionId=dg30882d6caaf4&pageOffset=4500&pageMaxSize=500&sortColumn=subjectDescription&sortDirection=asc&mepCode=OSU,,
siu,202060,Fall 2020 (View Only),MATH,108,61646,008,College Algebra,MTWR,1400,1450,"ONLINE, Scheduled",,"Senadheera, Dodamgodage Gihanee",https://banssb1.siu.edu/StudentRegistrationSsb/ssb/searchResults/searchResults?txt_term=202060&startDatepicker=&endDatepicker=&uniqueSessionId=dg39760a5692da&pageOffset=2500&pageMaxSize=500&sortColumn=subjectDescription&sortDirection=asc,,
usf,202101,Spring 2021 (View Only),EIN,6935,16326,001,Syst Mod. & Performance Analys,MW,0930,1045,Engineering Bldg II (ENB),118,"Yalcin, A.",https://studentssb9.it.usf.edu/StudentRegistrationSsb/ssb/searchResults/searchResults?txt_term=202101&startDatepicker=&endDatepicker=&uniqueSessionId=dgc19098682ee6&pageOffset=3500&pageMaxSize=500&sortColumn=subjectDescription&sortDirection=asc,,
fhda,202642,2026 Spring De Anza (View Only),E S,D001.,49776,01Z,Introduction to Environmental Studies,none,,,De Anza Online,ONLINE,"Roeder, William",https://reg.oci.fhda.edu/StudentRegistrationSsb/ssb/searchResults/searchResults?txt_term=202642&startDatepicker=&endDatepicker=&uniqueSessionId=dgb204173f9c86&pageOffset=500&pageMaxSize=500&sortColumn=subjectDescription&sortDirection=asc,,
uncc,202080,Fall 2020 (View Only),PSYC,8450,13925,004,Practicum in Clinical Psyc,W,0905,1155,Smith,327,Jennifer Webb,https://selfservice.uncc.edu/StudentRegistrationSsb/ssb/searchResults/searchResults?txt_term=202080&startDatepicker=&endDatepicker=&uniqueSessionId=dg7261d3efedb8&pageOffset=4500&pageMaxSize=500&sortColumn=subjectDescription&sortDirection=asc,,
temple,202603,2026 Spring,STAT,2501,31150,001,Quantitative Foundations for Data Science,TR,1400,1520,Speakman Hall,00114,Yuexiao Dong,https://prd-xereg.temple.edu/StudentRegistrationSsb/ssb/searchResults/searchResults?txt_term=202603&startDatepicker=&endDatepicker=&uniqueSessionId=dgceaf656e8321&pageOffset=8500&pageMaxSize=500&sortColumn=subjectDescription&sortDirection=asc,,
ucr,202530,Summer 2025 (View Only),EE,115,72284,A21,INTRODUCTION TO COMMUNICATION SYSTEMS,MW,1330,1620,Online,ONLINE,"Rafique, Moontasir",https://registrationssb.ucr.edu/StudentRegistrationSsb/ssb/searchResults/searchResults?txt_term=202530&startDatepicker=&endDatepicker=&uniqueSessionId=dg5941ee26f508&pageOffset=500&pageMaxSize=500&sortColumn=subjectDescription&sortDirection=asc,,
ucr,202120,Spring 2021 (View Only),BIOL,010,50993,023,HEADLINES IN THE HISTORY OF LIFE,W,0900,1150,Online,ONLINE,"McCandless, Heather",https://registrationssb.ucr.edu/StudentRegistrationSsb/ssb/searchResults/searchResults?txt_term=202120&startDatepicker=&endDatepicker=&uniqueSessionId=dg6cb6750657db&pageOffset=500&pageMaxSize=500&sortColumn=subjectDescription&sortDirection=asc,,
temple,202136,2021 Fall (View Only),PHYS,0847,47300,802,How Things Work: The Physics of Everyday Life,TR,1200,1330,Online,CLSRM,Tatsuki Matsui,https://prd-xereg.temple.edu/StudentRegistrationSsb/ssb/searchResults/searchResults?txt_term=202136&startDatepicker=&endDatepicker=&uniqueSessionId=dgc7d1b629217c&pageOffset=7500&pageMaxSize=500&sortColumn=subjectDescription&sortDirection=asc,,
okstate,202220,Spring 2022 (View Only),MICR,4263,30112,0,Microbial Genetics: from Genes to Genomes,R,0800,0950,Classroom Building,306,"Prade, Rolf",https://studentregistrationssb.okstate.edu/StudentRegistrationSsb/ssb/searchResults/searchResults?txt_term=202220&startDatepicker=&endDatepicker=&uniqueSessionId=dg5a59a519657b&pageOffset=5000&pageMaxSize=500&sortColumn=subjectDescription&sortDirection=asc&mepCode=OSU,,
neu,202615,Fall 2025 CPS Quarter (View Only),ALY,6040,70250,02,Data Mining Applications,R,1750,2030,Science Engineering Complex,140,,https://nubanner.neu.edu/StudentRegistrationSsb/ssb/searchResults/searchResults?txt_term=202615&startDatepicker=&endDatepicker=&uniqueSessionId=dg1c8bdad5243f&pageOffset=0&pageMaxSize=500&sortColumn=subjectDescription&sortDirection=asc,,
temple,202503,2025 Spring (View Only),CIS,4282,42556,014,Independent Study,none,,,,,Richard Souvenir,https://prd-xereg.temple.edu/StudentRegistrationSsb/ssb/searchResults/searchResults?txt_term=202503&startDatepicker=&endDatepicker=&uniqueSessionId=dg054703dbfd13&pageOffset=2000&pageMaxSize=500&sortColumn=subjectDescription&sortDirection=asc,,
gmu,202570,Fall 2025 (View Only),BIOL,102,77182,004,GenBioA-Survey of BioDiv-Eco,TR,1030,1145,Exploratory Hall,L004,"Smith, Shawn (he/him/his)",https://ssbstureg.gmu.edu/StudentRegistrationSsb/ssb/searchResults/searchResults?txt_term=202570&startDatepicker=&endDatepicker=&uniqueSessionId=dg01bcb74e44a2&pageOffset=500&pageMaxSize=500&sortColumn=subjectDescription&sortDirection=asc,,
neu,202635,Spring 2026 CPS Quarter (View Only),RGA,6207,80195,01,Global Impact of Electronic Common Technical Document (eCTD) Submissions,R,1750,1940,Dodge Hall,150,,https://nubanner.neu.edu/StudentRegistrationSsb/ssb/searchResults/searchResults?txt_term=202635&startDatepicker=&endDatepicker=&uniqueSessionId=dg07e82c810ad7&pageOffset=500&pageMaxSize=500&sortColumn=subjectDescription&sortDirection=asc,,
gsu,202201,Spring Semester 2022 (View Only),APVC,3001,16878,026,VOICE-JUNIOR I,none,,,Standard Building,714,"Garcia Sandoval, Alejandra (Alejandra) ",https://registration.gosolar.gsu.edu/StudentRegistrationSsb/ssb/searchResults/searchResults?txt_term=202201&startDatepicker=&endDatepicker=&uniqueSessionId=dg37d04ffa8a8d&pageOffset=1000&pageMaxSize=500&sortColumn=subjectDescription&sortDirection=asc,,
ucr,202320,Spring 2023 (View Only),RLST,011,72414,024,ISLAM AND FEMINISM,W,0900,0950,Sproul Hall,2355,"Khalil, Noha",https://registrationssb.ucr.edu/StudentRegistrationSsb/ssb/searchResults/searchResults?txt_term=202320&startDatepicker=&endDatepicker=&uniqueSessionId=dg15f583065554&pageOffset=9000&pageMaxSize=500&sortColumn=subjectDescription&sortDirection=asc,,
temple,202203,2022 Spring (View Only),CHEM,9996,2003,016,Master's Thesis Research,none,,,,,Susan A. Jansen Varnum,https://prd-xereg.temple.edu/StudentRegistrationSsb/ssb/searchResults/searchResults?txt_term=202203&startDatepicker=&endDatepicker=&uniqueSessionId=dge9541caf0ae1&pageOffset=1500&pageMaxSize=500&sortColumn=subjectDescription&sortDirection=asc,,
utrgv,202720,Spring 2027 (View Only),PHTH,8310,73790,A,Mgmt Patients w Chronic Disord,F,0830,1200,Harlingen Health Affairs Bldg,1.105,,https://assist.utrgv.edu/StudentRegistrationSsb/ssb/searchResults/searchResults?txt_term=202720&startDatepicker=&endDatepicker=&uniqueSessionId=dgec0a857d29e3&pageOffset=4000&pageMaxSize=500&sortColumn=subjectDescription&sortDirection=asc,,
neu,202610,Fall 2025 Semester (View Only),HSCI,5255,16417,01,Tools and Techniques of Environmental Health,TF,1525,1705,Shillman Hall,325,,https://nubanner.neu.edu/StudentRegistrationSsb/ssb/searchResults/searchResults?txt_term=202610&startDatepicker=&endDatepicker=&uniqueSessionId=dg55366982670f&pageOffset=4000&pageMaxSize=500&sortColumn=subjectDescription&sortDirection=asc,,
temple,202536,2025 Fall,CHEM,1034,3783,006,General Chemistry Laboratory II,T,1100,1350,Beury Hall,00109,John B. Michel,https://prd-xereg.temple.edu/StudentRegistrationSsb/ssb/searchResults/searchResults?txt_term=202536&startDatepicker=&endDatepicker=&uniqueSessionId=dg764a749c1ac7&pageOffset=1500&pageMaxSize=500&sortColumn=subjectDescription&sortDirection=asc,,
ucr,202520,Spring 2025 (View Only),MGT,227,69924,001,FIXED-INCOME SECURITIES AND MARKETS,S,0900,1150,School of Business Building,260,"De La Torre, Antonio",https://registrationssb.ucr.edu/StudentRegistrationSsb/ssb/searchResults/searchResults?txt_term=202520&startDatepicker=&endDatepicker=&uniqueSessionId=dg60222836d0ac&pageOffset=6500&pageMaxSize=500&sortColumn=subjectDescription&sortDirection=asc,,
cofc,202230,2022 Summer (View Only),MTLA,601,30997,01,"Class, Race, and Gender in Education",MR,1000,1145,ONLINE COURSE,,Will McCorkle,https://ssb.cofc.edu/StudentRegistrationSsb/ssb/searchResults/searchResults?txt_term=202230&startDatepicker=&endDatepicker=&uniqueSessionId=dgba9f1365cbb2&pageOffset=0&pageMaxSize=500&sortColumn=subjectDescription&sortDirection=asc,,
utrgv,202710,Fall 2026,NURS,4301,40031,12,Adult Health II Clinical,S,0645,1615,Hospital,1,Marco A. Pena,https://assist.utrgv.edu/StudentRegistrationSsb/ssb/searchResults/searchResults?txt_term=202710&startDatepicker=&endDatepicker=&uniqueSessionId=dgcab1345e2fc5&pageOffset=4500&pageMaxSize=500&sortColumn=subjectDescription&sortDirection=asc,,
okstate,202520,Spring 2025 (View Only),PHYS,1114,23860,0,College Physics I (LN),W,1030,1220,Physical Science,041,"Javed, Umar",https://studentregistrationssb.okstate.edu/StudentRegistrationSsb/ssb/searchResults/searchResults?txt_term=202520&startDatepicker=&endDatepicker=&uniqueSessionId=dg195894acc43f&pageOffset=6500&pageMaxSize=500&sortColumn=subjectDescription&sortDirection=asc&mepCode=OSU,,
fhda,202541,2025 Spring Foothill (View Only),MATH,F010.,40619,08W,ELEMENTARY STATISTICS,none,,,Foothill Online,ONLINE,"Munoz, Sarah",https://reg.oci.fhda.edu/StudentRegistrationSsb/ssb/searchResults/searchResults?txt_term=202541&startDatepicker=&endDatepicker=&uniqueSessionId=dg088857011dc6&pageOffset=500&pageMaxSize=500&sortColumn=subjectDescription&sortDirection=asc,,
okstate,202340,Summer 2023 (View Only),VCS,7532,42587,0,Applied Diagnostic Medicine and Laboratory Investigations III,none,,,,,"Cino Ozuna, Giselle Cino",https://studentregistrationssb.okstate.edu/StudentRegistrationSsb/ssb/searchResults/searchResults?txt_term=202340&startDatepicker=&endDatepicker=&uniqueSessionId=dg25731baadb76&pageOffset=3000&pageMaxSize=500&sortColumn=subjectDescription&sortDirection=asc&mepCode=OSU,,
ou,202610,Fall 2026,CH E,5523,52229,001,Advanced Mathematical Methods in Science and Engineering,TR,1200,1315,Sarkeys Energy Ctr,E0111,Dimitrios Papavassiliou,https://sis.ou.edu/StudentRegistrationSsb/ssb/searchResults/searchResults?txt_term=202610&startDatepicker=&endDatepicker=&uniqueSessionId=dgb4a2d22e1b43&pageOffset=2000&pageMaxSize=500&sortColumn=subjectDescription&sortDirection=asc,,
ucr,202410,Winter 2024 (View Only),POSC,166,53222,022,JUDICIAL POLITICS AND POLICY MAKING,R,0700,0750,Gordon Watkins Hall,2141,"Muttram, Harry",https://registrationssb.ucr.edu/StudentRegistrationSsb/ssb/searchResults/searchResults?txt_term=202410&startDatepicker=&endDatepicker=&uniqueSessionId=dg36d05bdb2ffc&pageOffset=9000&pageMaxSize=500&sortColumn=subjectDescription&sortDirection=asc,,
okstate,202140,Summer 2021 (View Only),MSIS,5303,43557,0,Prescriptive Analytics,none,,,Web/Internet Course,,"Wilson, Rick",https://studentregistrationssb.okstate.edu/StudentRegistrationSsb/ssb/searchResults/searchResults?txt_term=202140&startDatepicker=&endDatepicker=&uniqueSessionId=dg39ba5c6fdb20&pageOffset=1500&pageMaxSize=500&sortColumn=subjectDescription&sortDirection=asc&mepCode=OSU,,
usf,202101,Spring 2021 (View Only),CIS,4900,21516,031,Ind Study in Computer Science,none,,,,,"Rosen, P.",https://studentssb9.it.usf.edu/StudentRegistrationSsb/ssb/searchResults/searchResults?txt_term=202101&startDatepicker=&endDatepicker=&uniqueSessionId=dgc19098682ee6&pageOffset=2000&pageMaxSize=500&sortColumn=subjectDescription&sortDirection=asc,,
uncw,202320,Spring 2023 (View Only),PAR,101,21683,803,Invitation to Philosophical Thinking,none,,,Online-Extension,,"Schmid, Walter",https://registration.uncw.edu/StudentRegistrationSsb/ssb/searchResults/searchResults?txt_term=202320&startDatepicker=&endDatepicker=&uniqueSessionId=dga547b0fd8960&pageOffset=2500&pageMaxSize=500&sortColumn=subjectDescription&sortDirection=asc,,
gsu,202301,Spring Semester 2023 (View Only),MATH,2420,14158,016,DISCRETE MATHEMATICS,MW,1000,1115,Classroom & Office (E),0190,"Walls, Barrett  .",https://registration.gosolar.gsu.edu/StudentRegistrationSsb/ssb/searchResults/searchResults?txt_term=202301&startDatepicker=&endDatepicker=&uniqueSessionId=dgaea98b8490a3&pageOffset=7000&pageMaxSize=500&sortColumn=subjectDescription&sortDirection=asc,,
ucr,202620,Spring 2026 (View Only),MATH,006B,60175,002,PRECALCULUS: AN INTRODUCTION TO FUNCTIONS 2,W,0800,0850,CHASS Interdisciplinary-South,1132,"Nguyen, Cynthia",https://registrationssb.ucr.edu/StudentRegistrationSsb/ssb/searchResults/searchResults?txt_term=202620&startDatepicker=&endDatepicker=&uniqueSessionId=dg9b8cf3ec09f8&pageOffset=6500&pageMaxSize=500&sortColumn=subjectDescription&sortDirection=asc,,
usf,202508,Fall 2025 (View Only),MAT,4970,97837,001,Mathematics Senior Thesis,none,,,,,"Jonoska, N.",https://studentssb9.it.usf.edu/StudentRegistrationSsb/ssb/searchResults/searchResults?txt_term=202508&startDatepicker=&endDatepicker=&uniqueSessionId=dgf32dac4fd454&pageOffset=5000&pageMaxSize=500&sortColumn=subjectDescription&sortDirection=asc,,
